id;full_name;birth_date;phone
1;European Unit of Account 9(E.U.A.-9) Concrete;2019-10-09;572-290-5261 x896
2;modular Refined Squares;2019-10-09;488.538.1833
3;Gorgeous Profit-focused synergies;2019-10-09;830.155.4426
4;encompassing;2019-10-09;1-132-557-4309 x29226
5;card Plastic;2019-10-08;269-540-0239
6;Public-key Granite;2019-10-09;952-560-7322 x783
7;invoice withdrawal;2019-10-09;078-135-1608 x53620
8;Buckinghamshire Future-proofed deposit;2019-10-09;1-633-598-1637 x12958
9;Enhanced deposit parsing;2019-10-09;1-522-909-8598 x613
10;cross-media;2019-10-09;888-478-6809 x17866
